what,kind,bundleId,bundleVersion,description,time
activated,perspective,org.eclipse.php.ui,,"org.eclipse.php.perspective",1311914426535
started,bundle,org.eclipse.osgi,3.5.1.R35x_v20090827,"org.eclipse.osgi",1311914426536
started,bundle,org.eclipse.equinox.simpleconfigurator,1.0.101.R35x_v20090807-1100,"org.eclipse.equinox.simpleconfigurator",1311914426537
started,bundle,com.ibm.icu,4.0.1.v20090822,"com.ibm.icu",1311914426538
started,bundle,org.eclipse.core.contenttype,3.4.1.R35x_v20090826-0451,"org.eclipse.core.contenttype",1311914426538
started,bundle,org.eclipse.core.databinding.observable,1.2.0.M20090902-0800,"org.eclipse.core.databinding.observable",1311914426539
started,bundle,org.eclipse.core.expressions,3.4.100.v20090429-1800,"org.eclipse.core.expressions",1311914426539
started,bundle,org.eclipse.core.filebuffers,3.5.0.v20090526-2000,"org.eclipse.core.filebuffers",1311914426540
started,bundle,org.eclipse.core.filesystem,1.2.0.v20090507,"org.eclipse.core.filesystem",1311914426541
started,bundle,org.eclipse.core.jobs,3.4.100.v20090429-1800,"org.eclipse.core.jobs",1311914426541
started,bundle,org.eclipse.core.net,1.2.1.r35x_20090812-1200,"org.eclipse.core.net",1311914426542
started,bundle,org.eclipse.core.resources,3.5.1.R35x_v20090826-0451,"org.eclipse.core.resources",1311914426542
started,bundle,org.eclipse.core.runtime,3.5.0.v20090525,"org.eclipse.core.runtime",1311914426543
started,bundle,org.eclipse.core.runtime.compatibility,3.2.0.v20090413,"org.eclipse.core.runtime.compatibility",1311914426544
started,bundle,org.eclipse.core.runtime.compatibility.auth,3.2.100.v20090413,"org.eclipse.core.runtime.compatibility.auth",1311914426544
started,bundle,org.eclipse.debug.core,3.5.0.v20090526-1600,"org.eclipse.debug.core",1311914426545
started,bundle,org.eclipse.debug.ui,3.5.1.v20090811_r351,"org.eclipse.debug.ui",1311914426546
started,bundle,org.eclipse.dltk.launching,1.0.1.v20090910-1601,"org.eclipse.dltk.launching",1311914426547
started,bundle,org.eclipse.ecf,3.0.0.v20090831-1906,"org.eclipse.ecf",1311914426548
started,bundle,org.eclipse.ecf.filetransfer,3.0.0.v20090831-1906,"org.eclipse.ecf.filetransfer",1311914426548
started,bundle,org.eclipse.ecf.identity,3.0.0.v20090831-1906,"org.eclipse.ecf.identity",1311914426549
started,bundle,org.eclipse.ecf.provider.filetransfer,3.0.1.v20090831-1906,"org.eclipse.ecf.provider.filetransfer",1311914426550
started,bundle,org.eclipse.ecf.provider.filetransfer.httpclient,3.0.1.v20090831-1906,"org.eclipse.ecf.provider.filetransfer.httpclient",1311914426551
started,bundle,org.eclipse.equinox.app,1.2.0.v20090520-1800,"org.eclipse.equinox.app",1311914426551
started,bundle,org.eclipse.equinox.common,3.5.1.R35x_v20090807-1100,"org.eclipse.equinox.common",1311914426551
started,bundle,org.eclipse.equinox.ds,1.1.1.R35x_v20090806,"org.eclipse.equinox.ds",1311914426552
started,bundle,org.eclipse.equinox.frameworkadmin,1.0.100.v20090520-1905,"org.eclipse.equinox.frameworkadmin",1311914426553
started,bundle,org.eclipse.equinox.frameworkadmin.equinox,1.0.100.v20090520-1905,"org.eclipse.equinox.frameworkadmin.equinox",1311914426553
started,bundle,org.eclipse.equinox.p2.core,1.0.101.R35x_v20090819,"org.eclipse.equinox.p2.core",1311914426553
started,bundle,org.eclipse.equinox.p2.director,1.0.100.v20090520-1905,"org.eclipse.equinox.p2.director",1311914426554
started,bundle,org.eclipse.equinox.p2.directorywatcher,1.0.100.v20090525,"org.eclipse.equinox.p2.directorywatcher",1311914426555
started,bundle,org.eclipse.equinox.p2.engine,1.0.101.R35x_v20090825,"org.eclipse.equinox.p2.engine",1311914426555
started,bundle,org.eclipse.equinox.p2.exemplarysetup,1.0.100.v20090520-1905,"org.eclipse.equinox.p2.exemplarysetup",1311914426555
started,bundle,org.eclipse.equinox.p2.garbagecollector,1.0.100.v20090520-1905,"org.eclipse.equinox.p2.garbagecollector",1311914426556
started,bundle,org.eclipse.equinox.p2.metadata.repository,1.0.101.R35x_v20090812,"org.eclipse.equinox.p2.metadata.repository",1311914426556
started,bundle,org.eclipse.equinox.p2.reconciler.dropins,1.0.100.v20090520-1905,"org.eclipse.equinox.p2.reconciler.dropins",1311914426557
started,bundle,org.eclipse.equinox.p2.repository,1.0.1.v20090901-1041,"org.eclipse.equinox.p2.repository",1311914426560
started,bundle,org.eclipse.equinox.p2.ui.sdk.scheduler,1.0.0.v20090520-1905,"org.eclipse.equinox.p2.ui.sdk.scheduler",1311914426561
started,bundle,org.eclipse.equinox.p2.updatechecker,1.1.0.v20090520-1905,"org.eclipse.equinox.p2.updatechecker",1311914426561
started,bundle,org.eclipse.equinox.preferences,3.2.300.v20090520-1800,"org.eclipse.equinox.preferences",1311914426562
started,bundle,org.eclipse.equinox.registry,3.4.100.v20090520-1800,"org.eclipse.equinox.registry",1311914426562
started,bundle,org.eclipse.equinox.security,1.0.100.v20090520-1800,"org.eclipse.equinox.security",1311914426563
started,bundle,org.eclipse.equinox.simpleconfigurator.manipulator,1.0.100.v20090520-1905,"org.eclipse.equinox.simpleconfigurator.manipulator",1311914426563
started,bundle,org.eclipse.equinox.util,1.0.100.v20090520-1800,"org.eclipse.equinox.util",1311914426564
started,bundle,org.eclipse.help,3.4.1.v20090805_35x,"org.eclipse.help",1311914426564
started,bundle,org.eclipse.jface,3.5.1.M20090826-0800,"org.eclipse.jface",1311914426565
started,bundle,org.eclipse.jsch.core,1.1.100.I20090430-0408,"org.eclipse.jsch.core",1311914426565
started,bundle,org.eclipse.mylyn.commons.net,3.2.0.v20090617-0100-e3x,"org.eclipse.mylyn.commons.net",1311914426565
started,bundle,org.eclipse.php.debug.daemon,2.1.1.v20090707-1108,"org.eclipse.php.debug.daemon",1311914426565
started,bundle,org.eclipse.php.server.core,2.1.1.v20090707-1108,"org.eclipse.php.server.core",1311914426566
started,bundle,org.eclipse.team.core,3.5.0.I20090527-0620,"org.eclipse.team.core",1311914426566
started,bundle,org.eclipse.team.cvs.core,3.3.200.I20090430-0408,"org.eclipse.team.cvs.core",1311914426567
started,bundle,org.eclipse.team.ui,3.5.0.I20090430-0408,"org.eclipse.team.ui",1311914426567
started,bundle,org.eclipse.ui,3.5.1.M20090902-1000,"org.eclipse.ui",1311914426569
started,bundle,org.eclipse.ui.console,3.4.0.v20090513,"org.eclipse.ui.console",1311914426570
started,bundle,org.eclipse.ui.editors,3.5.0.v20090527-2000,"org.eclipse.ui.editors",1311914426570
started,bundle,org.eclipse.ui.forms,3.4.1.v20090714_35x,"org.eclipse.ui.forms",1311914426571
started,bundle,org.eclipse.ui.ide,3.5.1.M20090826-0800,"org.eclipse.ui.ide",1311914426572
started,bundle,org.eclipse.ui.intro,3.3.1.v20090805_35x,"org.eclipse.ui.intro",1311914426594
started,bundle,org.eclipse.ui.intro.universal,3.2.300.v20090526,"org.eclipse.ui.intro.universal",1311914426594
started,bundle,org.eclipse.ui.net,1.2.1.r35x_20090812-1200,"org.eclipse.ui.net",1311914426595
started,bundle,org.eclipse.ui.views,3.4.1.M20090826-0800,"org.eclipse.ui.views",1311914426595
started,bundle,org.eclipse.ui.workbench,3.5.1.M20090826-0800a,"org.eclipse.ui.workbench",1311914426596
started,bundle,org.eclipse.ui.workbench.texteditor,3.5.0.v20090603,"org.eclipse.ui.workbench.texteditor",1311914426597
started,bundle,org.eclipse.update.configurator,3.3.0.v20090312,"org.eclipse.update.configurator",1311914426597
started,bundle,org.eclipse.update.core,3.2.300.v20090525,"org.eclipse.update.core",1311914426598
started,bundle,org.eclipse.update.scheduler,3.2.200.v20081127,"org.eclipse.update.scheduler",1311914426598
started,bundle,org.eclipse.wst.jsdt.manipulation,1.0.100.v200809240707,"org.eclipse.wst.jsdt.manipulation",1311914426605
started,bundle,org.eclipse.wst.ws.service.policy.ui,1.0.102.v200903070248,"org.eclipse.wst.ws.service.policy.ui",1311914426606
started,bundle,org.eclipse.dltk.core,1.0.2.v20100209-1928,"org.eclipse.dltk.core",1311914426606
started,bundle,org.eclipse.dltk.ui,1.0.2.v20100209-1928,"org.eclipse.dltk.ui",1311914426610
started,bundle,org.eclipse.epp.usagedata.gathering,1.1.1.R201001291118,"org.eclipse.epp.usagedata.gathering",1311914426611
started,bundle,org.eclipse.epp.usagedata.recording,1.1.1.R201001291118,"org.eclipse.epp.usagedata.recording",1311914426611
started,bundle,org.eclipse.mylyn.bugzilla.core,3.2.3.v20100217-0100-e3x,"org.eclipse.mylyn.bugzilla.core",1311914426612
started,bundle,org.eclipse.mylyn.bugzilla.ui,3.2.3.v20100217-0100-e3x,"org.eclipse.mylyn.bugzilla.ui",1311914426612
started,bundle,org.eclipse.mylyn.commons.ui,3.2.3.v20100217-0100-e3x,"org.eclipse.mylyn.commons.ui",1311914426613
started,bundle,org.eclipse.mylyn.context.core,3.2.3.v20100217-0100-e3x,"org.eclipse.mylyn.context.core",1311914426613
started,bundle,org.eclipse.mylyn.context.ui,3.2.3.v20100217-0100-e3x,"org.eclipse.mylyn.context.ui",1311914426614
started,bundle,org.eclipse.mylyn.monitor.ui,3.2.3.v20100217-0100-e3x,"org.eclipse.mylyn.monitor.ui",1311914426614
started,bundle,org.eclipse.mylyn.tasks.ui,3.2.3.v20100217-0100-e3x,"org.eclipse.mylyn.tasks.ui",1311914426615
started,bundle,org.eclipse.mylyn.team.ui,3.2.3.v20100217-0100-e3x,"org.eclipse.mylyn.team.ui",1311914426615
started,bundle,org.eclipse.php.core,2.1.1.v20090921-1100,"org.eclipse.php.core",1311914426616
started,bundle,org.eclipse.php.debug.core,2.1.1.v20090921-1100,"org.eclipse.php.debug.core",1311914426617
started,bundle,org.eclipse.php.debug.ui,2.1.1.v20090921-1100,"org.eclipse.php.debug.ui",1311914426617
started,bundle,org.eclipse.php.ui,2.1.1.v20090921-1100,"org.eclipse.php.ui",1311914426619
started,bundle,org.eclipse.team.cvs.ui,3.3.202.r35x_20090930-0800,"org.eclipse.team.cvs.ui",1311914426620
started,bundle,org.eclipse.wst.jsdt.core,1.0.201.v2010012803,"org.eclipse.wst.jsdt.core",1311914426632
started,bundle,org.eclipse.wst.jsdt.ui,1.0.201.v2010012803,"org.eclipse.wst.jsdt.ui",1311914426632
started,bundle,org.eclipse.wst.sse.core,1.1.402.v201001251516,"org.eclipse.wst.sse.core",1311914426633
started,bundle,org.eclipse.wst.sse.ui,1.1.102.v200910200227,"org.eclipse.wst.sse.ui",1311914426633
os,sysinfo,,,"win32",1311914426636
arch,sysinfo,,,"x86",1311914426636
ws,sysinfo,,,"win32",1311914426636
locale,sysinfo,,,"en_US",1311914426636
processors,sysinfo,,,"2",1311914426636
java.runtime.name,sysinfo,,,"Java(TM) SE Runtime Environment",1311914426636
java.runtime.version,sysinfo,,,"1.6.0-b105",1311914426636
java.specification.name,sysinfo,,,"Java Platform API Specification",1311914426636
java.specification.vendor,sysinfo,,,"Sun Microsystems Inc.",1311914426636
java.specification.version,sysinfo,,,"1.6",1311914426636
java.vendor,sysinfo,,,"Sun Microsystems Inc.",1311914426636
java.version,sysinfo,,,"1.6.0",1311914426636
java.vm.info,sysinfo,,,"mixed mode",1311914426636
java.vm.name,sysinfo,,,"Java HotSpot(TM) Client VM",1311914426636
java.vm.specification.name,sysinfo,,,"Java Virtual Machine Specification",1311914426636
java.vm.specification.vendor,sysinfo,,,"Sun Microsystems Inc.",1311914426636
java.vm.specification.version,sysinfo,,,"1.0",1311914426636
java.vm.vendor,sysinfo,,,"Sun Microsystems Inc.",1311914426636
java.vm.version,sysinfo,,,"1.6.0-b105",1311914426636
activated,view,org.eclipse.php.ui,2.1.1.v20090921-1100,"org.eclipse.php.ui.explorer",1311914428882
activated,view,org.eclipse.php.ui,2.1.1.v20090921-1100,"org.eclipse.php.ui.explorer",1311914428930
closed,view,org.eclipse.ui,3.5.1.M20090902-1000,"org.eclipse.ui.internal.introview",1311914428950
deactivated,workbench,org.eclipse.ui.workbench,3.5.1.M20090826-0800a,"",1311914434128
activated,workbench,org.eclipse.ui.workbench,3.5.1.M20090826-0800a,"",1311914436111
executed,command,org.eclipse.ui.ide,3.5.1.M20090826-0800,"org.eclipse.ui.edit.text.openLocalFile",1311914436133
opened,view,org.eclipse.dltk.ui,1.0.2.v20100209-1928,"org.eclipse.dltk.ui.TypeHierarchy",1311914438571
activated,view,org.eclipse.dltk.ui,1.0.2.v20100209-1928,"org.eclipse.dltk.ui.TypeHierarchy",1311914438603
closed,view,org.eclipse.php.ui,2.1.1.v20090921-1100,"org.eclipse.php.ui.explorer",1311914438606
activated,view,org.eclipse.ui.ide,3.5.1.M20090826-0800,"org.eclipse.ui.views.ProblemView",1311914440503
closed,view,org.eclipse.dltk.ui,1.0.2.v20100209-1928,"org.eclipse.dltk.ui.TypeHierarchy",1311914440514
deactivated,workbench,org.eclipse.ui.workbench,3.5.1.M20090826-0800a,"",1311914448123
activated,workbench,org.eclipse.ui.workbench,3.5.1.M20090826-0800a,"",1311914453450
executed,command,org.eclipse.ui,3.5.1.M20090902-1000,"org.eclipse.ui.file.import",1311914453455
deactivated,workbench,org.eclipse.ui.workbench,3.5.1.M20090826-0800a,"",1311914455641
activated,workbench,org.eclipse.ui.workbench,3.5.1.M20090826-0800a,"",1311914456936
closed,workbench,org.eclipse.ui.workbench,3.5.1.M20090826-0800a,"",1311914456994
stopped,bundle,org.eclipse.compare.win32,1.0.0.I20090430-0408,"org.eclipse.compare.win32",1311914457309
stopped,bundle,org.eclipse.dltk.testing,1.0.0.v20090610-1638,"org.eclipse.dltk.testing",1311914457371
stopped,bundle,org.eclipse.wst.xsl.jaxp.debug.ui,1.0.0.v200904240436,"org.eclipse.wst.xsl.jaxp.debug.ui",1311914457435
stopped,bundle,org.testng.eclipse,6.0.1.20110607_1608,"org.testng.eclipse",1311914457435
stopped,bundle,org.eclipse.jdt.junit,3.5.2.r352_v20100113-0800,"org.eclipse.jdt.junit",1311914457436
stopped,bundle,org.eclipse.jdt.debug.ui,3.4.1.v20090811_r351,"org.eclipse.jdt.debug.ui",1311914457437
stopped,bundle,org.eclipse.dltk.rse.ui,1.0.0.v20090610-1638,"org.eclipse.dltk.rse.ui",1311914457438
stopped,bundle,org.eclipse.rse.importexport,1.2.1.v200909160005,"org.eclipse.rse.importexport",1311914457482
stopped,bundle,org.eclipse.rse.shells.ui,3.0.100.v200905272300,"org.eclipse.rse.shells.ui",1311914457493
stopped,bundle,org.eclipse.rse.files.ui,3.1.1.v200908061445,"org.eclipse.rse.files.ui",1311914457547
stopped,bundle,org.eclipse.rse.processes.ui,3.0.101.v200907301400,"org.eclipse.rse.processes.ui",1311914457554
stopped,bundle,org.eclipse.wst.dtd.ui,1.0.400.v200904300717,"org.eclipse.wst.dtd.ui",1311914457609
stopped,bundle,org.eclipse.wst.wsdl.ui,1.2.202.v200904271449,"org.eclipse.wst.wsdl.ui",1311914457663
stopped,bundle,org.eclipse.wst.wsi.ui,1.0.500.v200901141851,"org.eclipse.wst.wsi.ui",1311914457680
activated,perspective,org.eclipse.php.ui,,"org.eclipse.php.perspective",1311944680719
started,bundle,org.eclipse.osgi,3.5.1.R35x_v20090827,"org.eclipse.osgi",1311944680720
started,bundle,org.eclipse.equinox.simpleconfigurator,1.0.101.R35x_v20090807-1100,"org.eclipse.equinox.simpleconfigurator",1311944680721
started,bundle,com.ibm.icu,4.0.1.v20090822,"com.ibm.icu",1311944680721
started,bundle,org.eclipse.core.contenttype,3.4.1.R35x_v20090826-0451,"org.eclipse.core.contenttype",1311944680722
started,bundle,org.eclipse.core.databinding.observable,1.2.0.M20090902-0800,"org.eclipse.core.databinding.observable",1311944680723
started,bundle,org.eclipse.core.expressions,3.4.100.v20090429-1800,"org.eclipse.core.expressions",1311944680723
started,bundle,org.eclipse.core.filebuffers,3.5.0.v20090526-2000,"org.eclipse.core.filebuffers",1311944680723
started,bundle,org.eclipse.core.jobs,3.4.100.v20090429-1800,"org.eclipse.core.jobs",1311944680724
started,bundle,org.eclipse.core.net,1.2.1.r35x_20090812-1200,"org.eclipse.core.net",1311944680724
started,bundle,org.eclipse.core.resources,3.5.1.R35x_v20090826-0451,"org.eclipse.core.resources",1311944680725
started,bundle,org.eclipse.core.runtime,3.5.0.v20090525,"org.eclipse.core.runtime",1311944680726
started,bundle,org.eclipse.core.runtime.compatibility,3.2.0.v20090413,"org.eclipse.core.runtime.compatibility",1311944680726
started,bundle,org.eclipse.core.runtime.compatibility.auth,3.2.100.v20090413,"org.eclipse.core.runtime.compatibility.auth",1311944680730
started,bundle,org.eclipse.debug.core,3.5.0.v20090526-1600,"org.eclipse.debug.core",1311944680731
started,bundle,org.eclipse.debug.ui,3.5.1.v20090811_r351,"org.eclipse.debug.ui",1311944680732
started,bundle,org.eclipse.dltk.launching,1.0.1.v20090910-1601,"org.eclipse.dltk.launching",1311944680733
started,bundle,org.eclipse.ecf,3.0.0.v20090831-1906,"org.eclipse.ecf",1311944680734
started,bundle,org.eclipse.ecf.filetransfer,3.0.0.v20090831-1906,"org.eclipse.ecf.filetransfer",1311944680734
started,bundle,org.eclipse.ecf.identity,3.0.0.v20090831-1906,"org.eclipse.ecf.identity",1311944680735
started,bundle,org.eclipse.ecf.provider.filetransfer,3.0.1.v20090831-1906,"org.eclipse.ecf.provider.filetransfer",1311944680736
started,bundle,org.eclipse.ecf.provider.filetransfer.httpclient,3.0.1.v20090831-1906,"org.eclipse.ecf.provider.filetransfer.httpclient",1311944680736
started,bundle,org.eclipse.equinox.app,1.2.0.v20090520-1800,"org.eclipse.equinox.app",1311944680737
started,bundle,org.eclipse.equinox.common,3.5.1.R35x_v20090807-1100,"org.eclipse.equinox.common",1311944680737
started,bundle,org.eclipse.equinox.ds,1.1.1.R35x_v20090806,"org.eclipse.equinox.ds",1311944680738
started,bundle,org.eclipse.equinox.frameworkadmin,1.0.100.v20090520-1905,"org.eclipse.equinox.frameworkadmin",1311944680739
started,bundle,org.eclipse.equinox.frameworkadmin.equinox,1.0.100.v20090520-1905,"org.eclipse.equinox.frameworkadmin.equinox",1311944680739
started,bundle,org.eclipse.equinox.p2.core,1.0.101.R35x_v20090819,"org.eclipse.equinox.p2.core",1311944680739
started,bundle,org.eclipse.equinox.p2.director,1.0.100.v20090520-1905,"org.eclipse.equinox.p2.director",1311944680740
started,bundle,org.eclipse.equinox.p2.directorywatcher,1.0.100.v20090525,"org.eclipse.equinox.p2.directorywatcher",1311944680740
started,bundle,org.eclipse.equinox.p2.engine,1.0.101.R35x_v20090825,"org.eclipse.equinox.p2.engine",1311944680741
started,bundle,org.eclipse.equinox.p2.exemplarysetup,1.0.100.v20090520-1905,"org.eclipse.equinox.p2.exemplarysetup",1311944680742
started,bundle,org.eclipse.equinox.p2.garbagecollector,1.0.100.v20090520-1905,"org.eclipse.equinox.p2.garbagecollector",1311944680742
started,bundle,org.eclipse.equinox.p2.metadata.repository,1.0.101.R35x_v20090812,"org.eclipse.equinox.p2.metadata.repository",1311944680743
started,bundle,org.eclipse.equinox.p2.reconciler.dropins,1.0.100.v20090520-1905,"org.eclipse.equinox.p2.reconciler.dropins",1311944680743
started,bundle,org.eclipse.equinox.p2.repository,1.0.1.v20090901-1041,"org.eclipse.equinox.p2.repository",1311944680745
started,bundle,org.eclipse.equinox.p2.ui.sdk.scheduler,1.0.0.v20090520-1905,"org.eclipse.equinox.p2.ui.sdk.scheduler",1311944680745
started,bundle,org.eclipse.equinox.p2.updatechecker,1.1.0.v20090520-1905,"org.eclipse.equinox.p2.updatechecker",1311944680746
started,bundle,org.eclipse.equinox.preferences,3.2.300.v20090520-1800,"org.eclipse.equinox.preferences",1311944680746
started,bundle,org.eclipse.equinox.registry,3.4.100.v20090520-1800,"org.eclipse.equinox.registry",1311944680747
started,bundle,org.eclipse.equinox.security,1.0.100.v20090520-1800,"org.eclipse.equinox.security",1311944680748
started,bundle,org.eclipse.equinox.simpleconfigurator.manipulator,1.0.100.v20090520-1905,"org.eclipse.equinox.simpleconfigurator.manipulator",1311944680748
started,bundle,org.eclipse.equinox.util,1.0.100.v20090520-1800,"org.eclipse.equinox.util",1311944680749
started,bundle,org.eclipse.help,3.4.1.v20090805_35x,"org.eclipse.help",1311944680750
started,bundle,org.eclipse.jface,3.5.1.M20090826-0800,"org.eclipse.jface",1311944680750
started,bundle,org.eclipse.jsch.core,1.1.100.I20090430-0408,"org.eclipse.jsch.core",1311944680750
started,bundle,org.eclipse.mylyn.commons.net,3.2.0.v20090617-0100-e3x,"org.eclipse.mylyn.commons.net",1311944680750
started,bundle,org.eclipse.php.debug.daemon,2.1.1.v20090707-1108,"org.eclipse.php.debug.daemon",1311944680751
started,bundle,org.eclipse.php.server.core,2.1.1.v20090707-1108,"org.eclipse.php.server.core",1311944680751
started,bundle,org.eclipse.team.core,3.5.0.I20090527-0620,"org.eclipse.team.core",1311944680752
started,bundle,org.eclipse.team.cvs.core,3.3.200.I20090430-0408,"org.eclipse.team.cvs.core",1311944680752
started,bundle,org.eclipse.team.ui,3.5.0.I20090430-0408,"org.eclipse.team.ui",1311944680755
started,bundle,org.eclipse.ui,3.5.1.M20090902-1000,"org.eclipse.ui",1311944680757
started,bundle,org.eclipse.ui.console,3.4.0.v20090513,"org.eclipse.ui.console",1311944680757
started,bundle,org.eclipse.ui.editors,3.5.0.v20090527-2000,"org.eclipse.ui.editors",1311944680758
started,bundle,org.eclipse.ui.forms,3.4.1.v20090714_35x,"org.eclipse.ui.forms",1311944680759
started,bundle,org.eclipse.ui.ide,3.5.1.M20090826-0800,"org.eclipse.ui.ide",1311944680761
started,bundle,org.eclipse.ui.net,1.2.1.r35x_20090812-1200,"org.eclipse.ui.net",1311944680761
started,bundle,org.eclipse.ui.views,3.4.1.M20090826-0800,"org.eclipse.ui.views",1311944680762
started,bundle,org.eclipse.ui.workbench,3.5.1.M20090826-0800a,"org.eclipse.ui.workbench",1311944680763
started,bundle,org.eclipse.ui.workbench.texteditor,3.5.0.v20090603,"org.eclipse.ui.workbench.texteditor",1311944680763
started,bundle,org.eclipse.update.configurator,3.3.0.v20090312,"org.eclipse.update.configurator",1311944680764
started,bundle,org.eclipse.update.core,3.2.300.v20090525,"org.eclipse.update.core",1311944680765
started,bundle,org.eclipse.update.scheduler,3.2.200.v20081127,"org.eclipse.update.scheduler",1311944680766
started,bundle,org.eclipse.wst.ws.service.policy.ui,1.0.102.v200903070248,"org.eclipse.wst.ws.service.policy.ui",1311944680766
started,bundle,org.eclipse.dltk.core,1.0.2.v20100209-1928,"org.eclipse.dltk.core",1311944680767
started,bundle,org.eclipse.dltk.ui,1.0.2.v20100209-1928,"org.eclipse.dltk.ui",1311944680768
started,bundle,org.eclipse.epp.usagedata.gathering,1.1.1.R201001291118,"org.eclipse.epp.usagedata.gathering",1311944680769
started,bundle,org.eclipse.epp.usagedata.recording,1.1.1.R201001291118,"org.eclipse.epp.usagedata.recording",1311944680769
started,bundle,org.eclipse.mylyn.bugzilla.core,3.2.3.v20100217-0100-e3x,"org.eclipse.mylyn.bugzilla.core",1311944680770
started,bundle,org.eclipse.mylyn.bugzilla.ui,3.2.3.v20100217-0100-e3x,"org.eclipse.mylyn.bugzilla.ui",1311944680770
started,bundle,org.eclipse.mylyn.commons.ui,3.2.3.v20100217-0100-e3x,"org.eclipse.mylyn.commons.ui",1311944680771
started,bundle,org.eclipse.mylyn.context.core,3.2.3.v20100217-0100-e3x,"org.eclipse.mylyn.context.core",1311944680771
started,bundle,org.eclipse.mylyn.context.ui,3.2.3.v20100217-0100-e3x,"org.eclipse.mylyn.context.ui",1311944680772
started,bundle,org.eclipse.mylyn.monitor.ui,3.2.3.v20100217-0100-e3x,"org.eclipse.mylyn.monitor.ui",1311944680772
started,bundle,org.eclipse.mylyn.tasks.ui,3.2.3.v20100217-0100-e3x,"org.eclipse.mylyn.tasks.ui",1311944680773
started,bundle,org.eclipse.mylyn.team.ui,3.2.3.v20100217-0100-e3x,"org.eclipse.mylyn.team.ui",1311944680773
started,bundle,org.eclipse.php.core,2.1.1.v20090921-1100,"org.eclipse.php.core",1311944680774
started,bundle,org.eclipse.php.debug.core,2.1.1.v20090921-1100,"org.eclipse.php.debug.core",1311944680775
started,bundle,org.eclipse.php.debug.ui,2.1.1.v20090921-1100,"org.eclipse.php.debug.ui",1311944680776
started,bundle,org.eclipse.php.ui,2.1.1.v20090921-1100,"org.eclipse.php.ui",1311944680780
started,bundle,org.eclipse.team.cvs.ui,3.3.202.r35x_20090930-0800,"org.eclipse.team.cvs.ui",1311944680781
started,bundle,org.eclipse.wst.sse.core,1.1.402.v201001251516,"org.eclipse.wst.sse.core",1311944680782
started,bundle,org.eclipse.wst.sse.ui,1.1.102.v200910200227,"org.eclipse.wst.sse.ui",1311944680782
os,sysinfo,,,"win32",1311944680785
arch,sysinfo,,,"x86",1311944680785
ws,sysinfo,,,"win32",1311944680785
locale,sysinfo,,,"en_US",1311944680785
processors,sysinfo,,,"2",1311944680785
java.runtime.name,sysinfo,,,"Java(TM) SE Runtime Environment",1311944680785
java.runtime.version,sysinfo,,,"1.6.0-b105",1311944680785
java.specification.name,sysinfo,,,"Java Platform API Specification",1311944680785
java.specification.vendor,sysinfo,,,"Sun Microsystems Inc.",1311944680785
java.specification.version,sysinfo,,,"1.6",1311944680785
java.vendor,sysinfo,,,"Sun Microsystems Inc.",1311944680785
java.version,sysinfo,,,"1.6.0",1311944680785
java.vm.info,sysinfo,,,"mixed mode",1311944680785
java.vm.name,sysinfo,,,"Java HotSpot(TM) Client VM",1311944680785
java.vm.specification.name,sysinfo,,,"Java Virtual Machine Specification",1311944680785
java.vm.specification.vendor,sysinfo,,,"Sun Microsystems Inc.",1311944680785
java.vm.specification.version,sysinfo,,,"1.0",1311944680785
java.vm.vendor,sysinfo,,,"Sun Microsystems Inc.",1311944680785
java.vm.version,sysinfo,,,"1.6.0-b105",1311944680785
opened,view,org.eclipse.ui.ide,3.5.1.M20090826-0800,"org.eclipse.ui.views.ResourceNavigator",1311944716237
activated,view,org.eclipse.ui.ide,3.5.1.M20090826-0800,"org.eclipse.ui.views.ResourceNavigator",1311944716253
executed,command,org.eclipse.ui,3.5.1.M20090902-1000,"org.eclipse.ui.views.showView",1311944716255
deactivated,workbench,org.eclipse.ui.workbench,3.5.1.M20090826-0800a,"",1311944727217
activated,workbench,org.eclipse.ui.workbench,3.5.1.M20090826-0800a,"",1311944728596
closed,workbench,org.eclipse.ui.workbench,3.5.1.M20090826-0800a,"",1311944728664
started,bundle,org.eclipse.core.filesystem,1.2.0.v20090507,"org.eclipse.core.filesystem",1311944728789
stopped,bundle,org.eclipse.compare.win32,1.0.0.I20090430-0408,"org.eclipse.compare.win32",1311944729031
stopped,bundle,org.eclipse.dltk.testing,1.0.0.v20090610-1638,"org.eclipse.dltk.testing",1311944729033
stopped,bundle,org.eclipse.wst.xsl.jaxp.debug.ui,1.0.0.v200904240436,"org.eclipse.wst.xsl.jaxp.debug.ui",1311944729034
stopped,bundle,org.testng.eclipse,6.0.1.20110607_1608,"org.testng.eclipse",1311944729034
stopped,bundle,org.eclipse.jdt.junit,3.5.2.r352_v20100113-0800,"org.eclipse.jdt.junit",1311944729035
stopped,bundle,org.eclipse.jdt.debug.ui,3.4.1.v20090811_r351,"org.eclipse.jdt.debug.ui",1311944729036
stopped,bundle,org.eclipse.dltk.rse.ui,1.0.0.v20090610-1638,"org.eclipse.dltk.rse.ui",1311944729037
stopped,bundle,org.eclipse.rse.importexport,1.2.1.v200909160005,"org.eclipse.rse.importexport",1311944729038
stopped,bundle,org.eclipse.rse.shells.ui,3.0.100.v200905272300,"org.eclipse.rse.shells.ui",1311944729039
stopped,bundle,org.eclipse.rse.files.ui,3.1.1.v200908061445,"org.eclipse.rse.files.ui",1311944729044
stopped,bundle,org.eclipse.rse.processes.ui,3.0.101.v200907301400,"org.eclipse.rse.processes.ui",1311944729045
stopped,bundle,org.eclipse.wst.dtd.ui,1.0.400.v200904300717,"org.eclipse.wst.dtd.ui",1311944729046
stopped,bundle,org.eclipse.wst.wsdl.ui,1.2.202.v200904271449,"org.eclipse.wst.wsdl.ui",1311944729047
stopped,bundle,org.eclipse.wst.wsi.ui,1.0.500.v200901141851,"org.eclipse.wst.wsi.ui",1311944729048
stopped,bundle,org.eclipse.wst.xsd.ui,1.2.204.v200909021537,"org.eclipse.wst.xsd.ui",1311944729051
